ID,Place (x),Knowledge (y),Action (z),K5Number,K5Name,K5Distance
813,0.04551,-0.06343,0.25482,2,SmallisBeautiful,1.15669
823,-0.82997,-0.43206,-1.37550,2,Small is Beautiful,0.99094
824,0.09065,-0.46331,-0.25900,2,Small is Beautiful,0.71218
825,0.26428,-0.38068,-0.76742,2,Small is Beautiful,0.37133
828,-0.25581,-0.41634,-0.64409,2,Small is Beautiful,0.43751
829,0.12400,0.74208,-1.67250,2,Small is Beautiful,1.19772
830,-0.16846,0.38745,-0.63444,2,Small is Beautiful,0.62933
831,-0.67525,-1.15135,-1.03711,2,Small is Beautiful,1.20354
835,-0.13514,0.58352,-0.30637,2,Small is Beautiful,0.95891
838,-0.54186,0.11425,-1.21000,2,Small is Beautiful,0.67921
839,-0.10651,-0.68017,-1.45881,2,Small is Beautiful,0.77180
840,-1.90238,-0.90616,-1.70292,2,Small is Beautiful,2.19138
841,-1.15125,-0.14622,-0.75250,2,Small is Beautiful,1.15454
843,-0.22018,0.21146,-0.86087,2,Small is Beautiful,0.43127
844,0.78143,-1.00740,-0.46622,2,Small is Beautiful,1.23341
845,-0.02670,-0.03589,-0.20605,2,Small is Beautiful,0.70212
846,0.51823,-0.94488,-0.89375,2,Small is Beautiful,0.94287
847,-0.30035,-0.84466,-1.34130,2,Small is Beautiful,0.86706
849,-0.33536,1.26478,-1.03010,2,Small is Beautiful,1.46950
850,0.78487,-0.02131,-1.16151,2,Small is Beautiful,0.84553
852,0.44887,-0.06725,-1.43130,2,Small is Beautiful,0.70814
853,0.01448,-0.30951,-0.13842,2,Small is Beautiful,0.77284
854,0.62273,-0.41256,-1.17848,2,Small is Beautiful,0.73335
859,0.33592,1.03368,-2.08650,2,Small is Beautiful,1.72048
860,-0.65470,-0.35768,-0.45260,2,Small is Beautiful,0.81044
863,0.49914,0.10245,-0.48247,2,Small is Beautiful,0.70425
867,-0.48384,0.12726,-0.63897,2,Small is Beautiful,0.61481
868,0.59095,1.59618,-2.47542,2,Small is Beautiful,2.43654
869,0.46829,-0.77539,-1.31461,2,Small is Beautiful,0.88143
871,1.12803,-0.74760,-1.57490,2,Small is Beautiful,1.44561
873,0.36946,0.42176,-0.73769,2,Small is Beautiful,0.71119
874,0.67260,0.47354,-0.81080,2,Small is Beautiful,0.93294
875,-0.56000,-0.47692,-0.48107,2,Small is Beautiful,0.76126
876,-1.02602,0.98840,-1.36066,2,Small is Beautiful,1.60543
877,0.31636,0.15128,-1.27284,2,Small is Beautiful,0.58560
878,-0.55730,-0.86525,-0.77985,2,Small is Beautiful,0.90200
880,-1.77615,0.45117,-1.18170,2,Small is Beautiful,1.89476
881,-0.02760,0.00175,-1.20715,2,Small is Beautiful,0.35132
882,-0.05338,-0.59245,-0.82828,2,Small is Beautiful,0.43934
883,0.85073,-0.46734,-0.92863,2,Small is Beautiful,0.91025
886,-1.49558,0.68610,-1.19575,2,Small is Beautiful,1.73968
887,-0.32710,-0.18361,0.00972,2,Small is Beautiful,0.96185
888,1.60145,-0.99896,-1.50427,2,Small is Beautiful,1.91173
889,0.40877,0.05035,-0.56820,2,Small is Beautiful,0.56961
890,1.09563,-0.63468,-0.83861,2,Small is Beautiful,1.20038
891,0.50503,-0.46818,-0.94437,2,Small is Beautiful,0.59799
892,0.51157,0.01943,-0.51612,2,Small is Beautiful,0.66713
893,0.80871,0.54545,-1.01342,2,Small is Beautiful,1.08458
895,-0.64599,-0.59418,-1.09939,2,Small is Beautiful,0.79905
898,0.06261,0.39980,-0.02027,2,Small is Beautiful,1.04270
899,-1.15080,0.23674,-0.69015,2,Small is Beautiful,1.22956
900,0.26679,-0.88053,-0.62260,2,Small is Beautiful,0.81672
907,0.33630,0.23298,-1.14245,2,Small is Beautiful,0.57687
913,-0.03319,-0.24874,-1.05466,2,Small is Beautiful,0.18280
916,0.25010,0.36714,-0.50932,2,Small is Beautiful,0.70321
919,0.03191,1.24043,-1.21041,2,Small is Beautiful,1.43669
927,0.36135,0.90418,-1.24095,2,Small is Beautiful,1.17820
928,-0.70281,-0.89744,-0.96156,2,Small is Beautiful,1.01598
931,-0.20382,0.21409,-1.18321,2,Small is Beautiful,0.51194
932,0.49326,0.23284,-0.96238,2,Small is Beautiful,0.63922
939,0.63580,0.42354,-1.25559,2,Small is Beautiful,0.93933
942,-0.31060,0.30067,-0.73722,2,Small is Beautiful,0.57575
944,-0.95706,-0.96444,-1.33500,2,Small is Beautiful,1.32000
951,0.65677,-1.28815,-0.56952,2,Small is Beautiful,1.34772
956,0.22152,-0.53771,-0.80107,2,Small is Beautiful,0.45020
959,-0.95293,0.17498,-0.82931,2,Small is Beautiful,1.00719
963,-1.54733,0.73970,-1.09919,2,Small is Beautiful,1.79683
964,-0.78856,0.38863,-1.19033,2,Small is Beautiful,1.00055
967,-0.21780,0.25462,-1.15535,2,Small is Beautiful,0.53355
968,-0.39453,1.23292,-0.93816,2,Small is Beautiful,1.44776
973,-0.80373,0.32283,-0.49187,2,Small is Beautiful,1.01715
977,0.19043,0.80057,-0.92559,2,Small is Beautiful,0.98189
979,0.17441,-0.05024,-0.58222,2,Small is Beautiful,0.37896
982,-0.07439,-0.27163,-0.67696,2,Small is Beautiful,0.25528
983,0.77131,-0.71231,-0.91789,2,Small is Beautiful,0.95304
985,-0.73449,1.88103,-2.12202,2,Small is Beautiful,2.49053
986,0.46926,-0.42738,0.03715,2,Small is Beautiful,1.08100
987,-0.13739,-0.00771,-1.00357,2,Small is Beautiful,0.22861
988,-0.40082,1.08712,-0.81384,2,Small is Beautiful,1.31180
990,1.30732,-0.11354,-0.78120,2,Small is Beautiful,1.31908
996,0.11030,-0.43570,-0.63344,2,Small is Beautiful,0.39771
1000,0.68924,0.16996,-0.52589,2,Small is Beautiful,0.85449
1006,0.42208,-0.05620,-0.59363,2,Small is Beautiful,0.53471
1007,0.15035,0.02399,-1.18740,2,Small is Beautiful,0.37842
1009,-0.11583,0.01051,-0.48157,2,Small is Beautiful,0.46237
1012,-1.32996,-0.11970,-0.82506,2,Small is Beautiful,1.32669
1013,1.14624,-0.32281,-1.11566,2,Small is Beautiful,1.18383
1015,0.09277,-0.56305,-0.91235,2,Small is Beautiful,0.41420
1018,0.51565,0.25962,-1.03598,2,Small is Beautiful,0.68437
1020,-0.65944,-1.67807,-1.42710,2,Small is Beautiful,1.73490
1022,-1.00557,-1.31634,-1.43570,2,Small is Beautiful,1.62010
1023,-0.35467,1.48769,-1.06857,2,Small is Beautiful,1.69401
1033,0.56825,-1.74396,-1.12613,2,Small is Beautiful,1.69936
1037,-0.75255,0.34466,-0.67375,2,Small is Beautiful,0.92897
1045,-0.23610,0.13320,-0.08826,2,Small is Beautiful,0.89053
1055,0.39691,-0.11086,0.07956,2,Small is Beautiful,1.05718
1062,-0.12969,-0.42038,-1.45076,2,Small is Beautiful,0.62423
1063,0.08898,0.15934,-0.95236,2,Small is Beautiful,0.33877
1068,-0.02985,0.00754,-0.53617,2,Small is Beautiful,0.39865
1071,-0.44172,-0.86226,-1.06158,2,Small is Beautiful,0.84194
1076,0.90015,0.26329,-1.12342,2,Small is Beautiful,1.02584
1082,0.32025,-0.09022,-1.16234,2,Small is Beautiful,0.42658
1088,0.48344,-0.72559,-0.63013,2,Small is Beautiful,0.79315
1089,0.38956,-1.34540,-0.26160,2,Small is Beautiful,1.40079
1091,-0.72467,-0.10564,-0.28561,2,Small is Beautiful,0.94504
1095,-0.32148,-1.56000,-1.38365,2,Small is Beautiful,1.51455
1096,0.80780,-0.51390,-0.65985,2,Small is Beautiful,0.91791
1097,-0.26918,-0.79298,-0.35262,2,Small is Beautiful,0.87440
1099,0.13154,0.44971,-0.55218,2,Small is Beautiful,0.71453
1100,0.09281,0.37515,-0.44529,2,Small is Beautiful,0.70778
1103,0.60384,0.01930,-0.59181,2,Small is Beautiful,0.70509
1107,0.79550,0.05854,-1.00887,2,Small is Beautiful,0.83844
1110,-0.45324,-0.18861,-0.19601,2,Small is Beautiful,0.83172
1113,0.24377,0.89552,-1.26595,2,Small is Beautiful,1.14678
1117,-1.41573,-0.30827,-1.30985,2,Small is Beautiful,1.47656
1124,0.43677,-0.33346,-1.43673,2,Small is Beautiful,0.71928
1128,-0.95441,-0.40469,-0.52164,2,Small is Beautiful,1.04868
1130,-0.08610,-0.68397,-1.09059,2,Small is Beautiful,0.56347
1132,-0.26507,-0.17373,-1.18419,2,Small is Beautiful,0.38738
1137,1.19957,-0.08279,-1.64825,2,Small is Beautiful,1.42271
1147,-0.91491,0.56015,-0.90573,2,Small is Beautiful,1.16045
1150,0.16350,0.43221,-0.72823,2,Small is Beautiful,0.63953
1157,-1.05491,-1.22055,-1.26032,2,Small is Beautiful,1.53471
1158,-0.75238,-0.77941,-1.28998,2,Small is Beautiful,1.04614
1162,0.17850,0.23914,-0.80969,2,Small is Beautiful,0.44911
1172,0.29271,-0.02690,-1.30193,2,Small is Beautiful,0.52099
1177,0.67187,-0.08490,-0.43783,2,Small is Beautiful,0.82193
1180,-0.39251,-0.82626,-1.00398,2,Small is Beautiful,0.77686
1181,-0.12876,-0.33098,-0.85744,2,Small is Beautiful,0.21333
1182,0.78488,0.06080,-0.28668,2,Small is Beautiful,1.02298
1186,-0.79537,-0.32488,-1.06546,2,Small is Beautiful,0.82383
1187,0.20846,0.32309,-0.57354,2,Small is Beautiful,0.62025
1188,-0.18746,-0.06680,-0.26214,2,Small is Beautiful,0.66664
1189,0.09115,-0.05284,-0.94920,2,Small is Beautiful,0.15456
1191,0.15797,1.09628,-1.13179,2,Small is Beautiful,1.28960
1194,-0.11096,-0.11008,-0.70364,2,Small is Beautiful,0.22558
1196,0.05637,-0.82817,-0.30303,2,Small is Beautiful,0.89511
1198,-0.04666,-0.44283,-0.02401,2,Small is Beautiful,0.91787
1199,0.80540,-0.08105,-1.93505,2,Small is Beautiful,1.32018
1201,-0.82976,0.08291,-1.10299,2,Small is Beautiful,0.88372
1203,-1.59000,0.23585,-0.91286,2,Small is Beautiful,1.63320
1204,0.04165,-0.22285,-0.87551,2,Small is Beautiful,0.08073
1222,-0.51298,0.28640,-1.18708,2,Small is Beautiful,0.73607
1229,-0.07641,0.13623,-0.29646,2,Small is Beautiful,0.67346
1234,0.00979,0.40678,-1.10293,2,Small is Beautiful,0.60437
1235,0.10215,-0.31192,-1.83392,2,Small is Beautiful,0.95550
1237,0.32770,-0.54234,-1.59275,2,Small is Beautiful,0.86094
1238,0.73689,0.05784,-2.05555,2,Small is Beautiful,1.39382
1239,-0.64526,0.05531,-0.45396,2,Small is Beautiful,0.80722
1240,-0.73590,-0.79122,-1.30632,2,Small is Beautiful,1.04783
1243,-0.05872,0.43410,-1.32570,2,Small is Beautiful,0.73563
1244,-0.20066,-1.03598,-1.11495,2,Small is Beautiful,0.92255
1245,0.98598,-0.05098,-1.04744,2,Small is Beautiful,1.00925
1246,0.56148,-0.06179,-0.81236,2,Small is Beautiful,0.58207
1247,0.38784,-0.35179,-0.75827,2,Small is Beautiful,0.45880
1248,-0.53469,-0.14618,-1.44342,2,Small is Beautiful,0.76086
1250,-0.44793,-0.65978,-1.16643,2,Small is Beautiful,0.71900
1252,-1.71961,-0.37266,-1.69987,2,Small is Beautiful,1.90447
1253,-0.40285,-0.30158,-1.43856,2,Small is Beautiful,0.68635
1256,-0.79619,-0.73554,-0.60577,2,Small is Beautiful,1.01944
1257,-0.70833,-0.44936,-1.13746,2,Small is Beautiful,0.79662
1258,0.33812,-1.36076,-0.59236,2,Small is Beautiful,1.28457
1259,0.56230,-1.27049,-1.20641,2,Small is Beautiful,1.28437
1261,0.09602,-0.07335,-0.36616,2,Small is Beautiful,0.54721
1262,0.98114,0.32065,-1.37996,2,Small is Beautiful,1.19993
1264,2.18498,-0.98145,-1.56144,2,Small is Beautiful,2.43202
1266,0.56762,-1.01614,-0.56498,2,Small is Beautiful,1.08166
1268,0.42001,0.63865,-0.79148,2,Small is Beautiful,0.91212
1272,0.61843,-0.35080,-1.54159,2,Small is Beautiful,0.91745
1273,-0.23010,-0.00420,-0.48878,2,Small is Beautiful,0.49115
1274,-0.81688,0.85449,-1.33186,2,Small is Beautiful,1.37061
1275,0.36996,-0.75126,-1.52750,2,Small is Beautiful,0.94212
1280,-0.58030,0.14350,-1.24429,2,Small is Beautiful,0.73732
1281,-0.40942,-0.71784,-0.77121,2,Small is Beautiful,0.69899
1282,-1.02664,-0.05718,-0.45318,2,Small is Beautiful,1.11779
1283,0.58888,1.27710,-2.08270,2,Small is Beautiful,1.95674
1294,-0.90943,-1.11050,-0.97115,2,Small is Beautiful,1.31280
1297,0.32657,-0.22520,-0.55691,2,Small is Beautiful,0.47959
1303,0.18181,-0.08369,-0.62019,2,Small is Beautiful,0.34294
1324,-0.27708,-0.60651,-0.37499,2,Small is Beautiful,0.73761
1325,0.22236,-0.09250,0.05654,2,Small is Beautiful,0.98248
1328,-0.02724,0.05793,-0.66456,2,Small is Beautiful,0.31979
1331,0.91562,-0.64515,-0.67062,2,Small is Beautiful,1.06513
1357,-0.89513,0.39762,-0.47168,2,Small is Beautiful,1.13293
1361,0.09791,-0.53186,-0.66472,2,Small is Beautiful,0.44947
1371,0.26775,0.09127,-0.05755,2,Small is Beautiful,0.91790
1374,-0.58266,0.15073,-0.10051,2,Small is Beautiful,1.03137
1387,-0.18854,1.18531,-0.88933,2,Small is Beautiful,1.35873
1389,0.47141,-0.94414,-0.61465,2,Small is Beautiful,0.95941
1400,-0.10156,0.66997,-0.45641,2,Small is Beautiful,0.94528
1407,0.39726,0.03438,-0.03172,2,Small is Beautiful,0.97402
1409,-0.38167,0.09192,-0.02621,2,Small is Beautiful,0.98124
1417,-0.05013,-0.29325,-1.38212,2,Small is Beautiful,0.50513
1432,-0.39737,-0.03437,-1.40761,2,Small is Beautiful,0.65610
1434,0.84935,-0.62651,-0.85145,2,Small is Beautiful,0.97470
1441,0.91672,-0.13981,-0.60003,2,Small is Beautiful,0.96930
1445,0.06944,0.08466,0.13013,2,Small is Beautiful,1.05841
1446,0.01843,0.53802,-0.47147,2,Small is Beautiful,0.81857
1447,-0.07962,0.22842,-1.14215,2,Small is Beautiful,0.46630
1448,-0.39012,-0.53764,-1.25215,2,Small is Beautiful,0.64489
1449,0.11699,0.81166,-0.97559,2,Small is Beautiful,0.98363
1452,0.99489,-0.12313,-0.58964,2,Small is Beautiful,1.04744
1460,-1.03668,-1.01623,-1.43342,2,Small is Beautiful,1.44294
1476,-0.35633,-0.42820,-0.92615,2,Small is Beautiful,0.44167
1478,0.28852,0.25589,-0.53602,2,Small is Beautiful,0.62492
1480,0.61923,-0.99621,-2.14971,2,Small is Beautiful,1.63047
1482,-0.35697,-0.10949,-1.82587,2,Small is Beautiful,0.99473
1490,0.05375,0.03189,0.21150,2,Small is Beautiful,1.12636
1492,0.08252,0.61094,-0.42120,2,Small is Beautiful,0.91095
1501,0.20898,-0.00802,-0.53945,2,Small is Beautiful,0.44400
1513,0.17412,0.43714,-0.15718,2,Small is Beautiful,0.96799
1519,0.16784,-0.99050,-0.34790,2,Small is Beautiful,1.00956
1524,-0.62157,-0.44984,-0.97160,2,Small is Beautiful,0.68420
1525,0.28980,-0.07413,-0.41101,2,Small is Beautiful,0.57512
1526,0.50887,-0.36552,-0.42932,2,Small is Beautiful,0.72463
1527,-0.42071,-0.41607,-1.06038,2,Small is Beautiful,0.51377
1528,0.47162,-0.22304,-0.96614,2,Small is Beautiful,0.48646
1532,-0.20441,0.42392,-1.21036,2,Small is Beautiful,0.69288
1534,-0.54785,0.44275,-0.60863,2,Small is Beautiful,0.86098
1537,-0.54970,0.00701,-1.26692,2,Small is Beautiful,0.67909
1538,-0.20107,0.00524,-1.51302,2,Small is Beautiful,0.66764
1540,1.14285,-0.60508,-0.70687,2,Small is Beautiful,1.24605
1541,-0.08735,-0.38314,-0.50076,2,Small is Beautiful,0.46115
1542,-0.57294,0.15122,-0.94266,2,Small is Beautiful,0.64904
1543,0.40397,0.55296,-0.47238,2,Small is Beautiful,0.92615
1544,0.07416,-1.74247,-0.98308,2,Small is Beautiful,1.58578
1548,-0.71600,0.74289,-1.14827,2,Small is Beautiful,1.17678
1550,0.06646,0.55820,-0.55249,2,Small is Beautiful,0.80062
1551,-1.00306,0.00188,-0.44400,2,Small is Beautiful,1.10718
1552,0.31631,0.01429,-0.68559,2,Small is Beautiful,0.42316
1553,0.48476,-0.22708,-1.58849,2,Small is Beautiful,0.85074
1556,0.17633,-0.48803,-0.80689,2,Small is Beautiful,0.38489
1557,0.08480,-0.73303,-1.03866,2,Small is Beautiful,0.59627
1562,0.19580,-0.25693,-0.86891,2,Small is Beautiful,0.22498
1564,-0.10479,0.01401,-0.57299,2,Small is Beautiful,0.38101
1565,-0.60249,-1.60290,-1.11144,2,Small is Beautiful,1.57512
1566,-0.46504,-0.31803,-0.21031,2,Small is Beautiful,0.84054
1569,0.53950,-0.03535,-1.14678,2,Small is Beautiful,0.61302
1573,-0.36068,-0.35912,-1.14241,2,Small is Beautiful,0.47493
1574,-0.42533,0.23325,-0.83630,2,Small is Beautiful,0.57887
1576,0.36360,-0.28109,-0.45927,2,Small is Beautiful,0.58494
1580,-0.01196,0.00707,-0.24649,2,Small is Beautiful,0.67153
1582,0.87585,-0.14614,-1.10423,2,Small is Beautiful,0.90593
1583,-1.67341,0.88880,-1.44817,2,Small is Beautiful,2.04627
1584,0.67673,-0.38101,-0.74181,2,Small is Beautiful,0.73365
1586,-0.08576,-0.25015,-0.88756,2,Small is Beautiful,0.12001
1592,0.49868,-0.06789,-0.91959,2,Small is Beautiful,0.51357
1596,-0.62645,-0.68169,-1.11929,2,Small is Beautiful,0.84011
1600,0.29741,-0.38965,-0.07192,2,Small is Beautiful,0.90792
1601,0.94118,-0.62575,-0.91872,2,Small is Beautiful,1.05512
1613,-0.06459,-1.04429,-1.60061,2,Small is Beautiful,1.13100
1620,-0.93705,-0.06005,-0.41176,2,Small is Beautiful,1.05471
1621,-0.03265,-0.24355,-0.66629,2,Small is Beautiful,0.24610
1625,-0.97232,-0.08051,-1.46286,2,Small is Beautiful,1.12303
1659,0.21760,0.01747,-0.39580,2,Small is Beautiful,0.57673
1662,0.82926,0.07689,-0.41965,2,Small is Beautiful,0.99071
1665,-0.00730,0.21537,-1.02489,2,Small is Beautiful,0.39770
1667,-0.50320,-0.31780,-0.60807,2,Small is Beautiful,0.59597
1668,0.45175,-0.81611,-0.83420,2,Small is Beautiful,0.80148
1670,-0.65478,0.74080,-1.81365,2,Small is Beautiful,1.44065
1672,-1.03426,0.18464,-0.43171,2,Small is Beautiful,1.18037
1673,-1.25704,-0.49499,-1.44815,2,Small is Beautiful,1.40755
1676,0.35331,-0.96175,-0.89061,2,Small is Beautiful,0.87757
1677,-1.24534,-1.01567,-1.15009,2,Small is Beautiful,1.52674
1679,-1.62414,-0.73673,-1.78968,2,Small is Beautiful,1.93594
1680,-0.76189,-0.85500,-0.88988,2,Small is Beautiful,1.02625
1681,-0.22850,-0.40167,-0.32414,2,Small is Beautiful,0.65968
1683,-1.37437,0.09304,-1.54417,2,Small is Beautiful,1.53518
1686,0.83220,-0.39473,-0.13348,2,Small is Beautiful,1.15727
1688,-0.30032,-0.43768,-1.39408,2,Small is Beautiful,0.64087
1690,0.73639,-0.47408,-0.99244,2,Small is Beautiful,0.81122
1691,1.22936,0.01679,-0.99209,2,Small is Beautiful,1.25159
1695,0.13414,-0.58343,-1.18202,2,Small is Beautiful,0.52863
1715,-0.68110,0.58157,-0.83471,2,Small is Beautiful,1.00564
1718,-0.50182,-0.76025,-0.40733,2,Small is Beautiful,0.91891
1720,0.37686,-0.26356,-1.01541,2,Small is Beautiful,0.41362
1724,0.68098,0.19336,-0.54120,2,Small is Beautiful,0.85068
1725,0.31398,-0.75724,0.00294,2,Small is Beautiful,1.12556
1729,-0.81597,0.34527,-0.65448,2,Small is Beautiful,0.98555
1730,-0.20898,-1.82645,-1.05688,2,Small is Beautiful,1.68536
1731,-0.09042,0.48013,-1.58988,2,Small is Beautiful,0.94812
1732,0.17222,-0.03784,-0.67846,2,Small is Beautiful,0.30737
1746,0.31857,0.22988,0.00899,2,Small is Beautiful,1.03835
1750,1.39663,-0.61286,-0.52964,2,Small is Beautiful,1.51846
1753,0.51109,-0.82561,-1.03789,2,Small is Beautiful,0.85370
1762,0.72738,-0.08993,-0.70332,2,Small is Beautiful,0.76160
1785,0.21648,-1.31024,-1.11924,2,Small is Beautiful,1.19146
1786,-0.01644,0.42559,-0.01004,2,Small is Beautiful,1.06315
1787,0.16639,-0.47450,-0.43170,2,Small is Beautiful,0.58655
1788,0.17847,-0.61191,-1.07407,2,Small is Beautiful,0.51838
1795,0.28465,-0.38828,-0.40521,2,Small is Beautiful,0.61440
1796,0.21576,-0.34249,-1.16592,2,Small is Beautiful,0.39313
1798,0.52390,0.07691,-1.20470,2,Small is Beautiful,0.65741
1803,-1.05455,0.47955,-0.92668,2,Small is Beautiful,1.22926
1804,-0.79845,0.40597,-0.42397,2,Small is Beautiful,1.08312
1805,0.12326,0.21955,-0.64245,2,Small is Beautiful,0.47553
1806,-0.13077,-0.17902,-1.02389,2,Small is Beautiful,0.17925
1807,0.98416,-0.24255,-0.82772,2,Small is Beautiful,0.99574
1809,0.92907,-0.07286,-1.11771,2,Small is Beautiful,0.96474
1814,0.15886,0.01399,-0.08147,2,Small is Beautiful,0.84984
1819,0.77047,-0.40263,-0.89483,2,Small is Beautiful,0.81303
1824,-0.69130,-2.46239,-1.87583,2,Small is Beautiful,2.59322
1826,0.99183,0.25664,-1.14362,2,Small is Beautiful,1.10943
1827,0.08586,-0.40421,-1.10023,2,Small is Beautiful,0.33013
1829,-0.01956,-0.07937,-1.61636,2,Small is Beautiful,0.72451
1830,-0.56608,-0.75373,-0.85058,2,Small is Beautiful,0.81684
1832,-1.16878,-0.56866,-0.76954,2,Small is Beautiful,1.23882
1834,0.65030,0.15712,-1.08438,2,Small is Beautiful,0.75302
1836,0.96260,-0.46840,-1.12396,2,Small is Beautiful,1.04116
1838,-0.03308,-0.19212,0.11674,2,Small is Beautiful,1.01418
1839,-0.05761,0.74621,-0.96299,2,Small is Beautiful,0.91118
1841,-0.24380,-1.38978,-0.56380,2,Small is Beautiful,1.29504
1842,-0.76513,0.33021,-0.54236,2,Small is Beautiful,0.97127
1844,-0.40760,-0.89169,-0.64490,2,Small is Beautiful,0.87096
1847,0.75758,-0.61446,-0.59153,2,Small is Beautiful,0.93885
1852,0.99905,-0.26189,-1.48994,2,Small is Beautiful,1.17133
1853,0.80778,-0.53592,-0.53824,2,Small is Beautiful,0.96485
1864,0.87989,-0.00223,-0.83360,2,Small is Beautiful,0.90207
1868,-0.24690,1.27727,-1.82965,2,Small is Beautiful,1.73133
1869,-0.34975,-0.82154,-0.98470,2,Small is Beautiful,0.74984
1872,0.76553,0.40663,-1.15973,2,Small is Beautiful,0.99325
1873,0.40817,-1.14675,-0.58293,2,Small is Beautiful,1.11416
1874,-0.28012,-0.08378,-0.79504,2,Small is Beautiful,0.30251
1875,0.51157,0.01943,-0.51612,2,Small is Beautiful,0.66713
1879,0.54769,-0.03205,-0.58775,2,Small is Beautiful,0.64687
1880,-0.48048,-0.22715,-1.04272,2,Small is Beautiful,0.50099
1886,0.04047,-0.30720,-0.61932,2,Small is Beautiful,0.31684
1887,1.40645,-0.50260,-3.18326,2,Small is Beautiful,2.70925
1891,0.40058,-0.53754,-0.95937,2,Small is Beautiful,0.55754
1893,-0.58950,0.65570,-0.49716,2,Small is Beautiful,1.08042
1894,0.18334,-0.14840,-0.77529,2,Small is Beautiful,0.22510
1897,-0.20147,0.26930,0.01039,2,Small is Beautiful,1.02280
1900,0.95717,0.54710,-1.19004,2,Small is Beautiful,1.23085
1904,0.15373,0.00048,-1.11878,2,Small is Beautiful,0.31768
1908,-0.52451,-0.13142,-0.53549,2,Small is Beautiful,0.63270
1924,0.05052,0.23700,-0.16390,2,Small is Beautiful,0.83576
1933,-0.24537,0.49283,-0.76696,2,Small is Beautiful,0.70835
1936,-0.02877,0.51876,-0.88715,2,Small is Beautiful,0.68028
1940,0.15831,0.77334,-1.09954,2,Small is Beautiful,0.97018
1942,-0.85015,0.05363,-0.42103,2,Small is Beautiful,0.99254
1945,0.42612,-0.49077,-1.31289,2,Small is Beautiful,0.68453
1974,-0.25297,0.21301,-0.08168,2,Small is Beautiful,0.93012
1978,-0.31992,-0.69545,-0.49203,2,Small is Beautiful,0.74019
2012,-1.08293,0.30950,-1.47942,2,Small is Beautiful,1.31195
2014,0.20602,0.26500,-0.24824,2,Small is Beautiful,0.80424
2021,-0.29489,-0.53929,-0.16155,2,Small is Beautiful,0.87573
2024,-0.00415,-0.01326,0.25593,2,Small is Beautiful,1.16198
2026,1.60688,-0.23640,-2.12283,2,Small is Beautiful,2.02736
2030,0.12089,0.03919,-1.12220,2,Small is Beautiful,0.32720
2031,0.08935,-0.29104,-0.01749,2,Small is Beautiful,0.89376
2038,-0.28405,0.43358,-0.11707,2,Small is Beautiful,1.01916
2039,0.02338,0.62722,-0.69801,2,Small is Beautiful,0.81345
2043,0.00145,0.04290,-0.75675,2,Small is Beautiful,0.24742
2046,0.13864,-0.89806,-0.69558,2,Small is Beautiful,0.77746
2049,0.28089,0.29030,-1.35699,2,Small is Beautiful,0.70562
2050,-0.46469,0.85307,-1.46868,2,Small is Beautiful,1.25152
2051,-0.30380,-0.65275,-1.46889,2,Small is Beautiful,0.81120
2052,-0.51069,-0.28236,-0.59247,2,Small is Beautiful,0.60173
2053,0.41092,-0.72079,-0.52825,2,Small is Beautiful,0.78909
2054,0.14658,-0.35194,-0.94413,2,Small is Beautiful,0.24885
2057,-0.36964,-0.13116,-0.92095,2,Small is Beautiful,0.36583
2058,0.28193,0.41793,-1.19721,2,Small is Beautiful,0.71303
2065,-0.12796,1.14289,-0.76294,2,Small is Beautiful,1.31647
2067,-0.71420,0.97521,-1.36892,2,Small is Beautiful,1.41985
2068,-0.62917,-0.87043,-0.83307,2,Small is Beautiful,0.94645
2071,0.18689,0.12822,-0.84506,2,Small is Beautiful,0.35142
2072,-1.19171,-0.08600,-1.16955,2,Small is Beautiful,1.21918
2073,1.07701,0.65115,-2.25891,2,Small is Beautiful,1.92045
2078,-0.52166,0.76602,-1.49956,2,Small is Beautiful,1.22030
2080,0.12367,-1.16949,-1.04244,2,Small is Beautiful,1.02711
2084,-1.01941,-1.09468,-1.55653,2,Small is Beautiful,1.52789
2085,0.97201,-0.05140,-1.81514,2,Small is Beautiful,1.34608
2087,0.63177,-0.21617,-0.51699,2,Small is Beautiful,0.74411
2088,0.60675,-0.21157,-0.55988,2,Small is Beautiful,0.70087
2090,-0.28089,-0.73683,-0.91666,2,Small is Beautiful,0.63840
2092,-0.57937,-0.58883,-1.16526,2,Small is Beautiful,0.76425
2093,0.75147,0.00191,-1.06814,2,Small is Beautiful,0.79342
2095,-0.09044,0.43160,-0.68963,2,Small is Beautiful,0.63344
2096,0.04037,-0.24722,-0.87400,2,Small is Beautiful,0.10034
2097,0.50570,-0.23914,-0.30860,2,Small is Beautiful,0.78328
2099,-0.06803,0.31599,-0.40745,2,Small is Beautiful,0.68610
2101,-0.83250,-0.99458,-1.91104,2,Small is Beautiful,1.55150
2104,0.46956,-0.15882,-2.02050,2,Small is Beautiful,1.22031
2105,-0.13132,0.27558,-0.06214,2,Small is Beautiful,0.95013
2108,0.30285,0.48755,-0.47793,2,Small is Beautiful,0.83144
2110,0.58875,-0.81863,-1.18741,2,Small is Beautiful,0.93300
2112,-0.86708,0.73921,-0.69029,2,Small is Beautiful,1.26285
2113,0.64205,0.20709,-0.91965,2,Small is Beautiful,0.74555
2116,0.47020,-0.02117,-0.34155,2,Small is Beautiful,0.74450
2118,-0.50550,-0.61082,-1.28794,2,Small is Beautiful,0.77787
2119,0.50844,-0.70413,-0.70754,2,Small is Beautiful,0.77146
2121,0.13429,0.21699,-0.57424,2,Small is Beautiful,0.51623
2123,0.43677,0.62532,-0.71787,2,Small is Beautiful,0.91992
2124,0.75180,-0.39614,-1.50313,2,Small is Beautiful,0.99858
2126,0.57483,-0.18260,-1.09611,2,Small is Beautiful,0.61437
2128,-0.96581,-0.01738,-1.23785,2,Small is Beautiful,1.02890
2132,0.29752,-0.27988,-1.03931,2,Small is Beautiful,0.35568
2136,-1.49666,0.61860,-1.36333,2,Small is Beautiful,1.74592
2139,0.07884,-0.09481,-0.64484,2,Small is Beautiful,0.27376
2141,-0.09315,-0.76065,-1.06275,2,Small is Beautiful,0.62827
2143,-0.85095,0.00764,-0.68662,2,Small is Beautiful,0.88699
2144,-0.19765,-0.25040,-0.09940,2,Small is Beautiful,0.82481
2145,-0.29178,0.97963,-0.56977,2,Small is Beautiful,1.22057
2147,-0.18185,-0.57748,-0.35805,2,Small is Beautiful,0.70315
2148,-0.40735,0.11125,-0.03015,2,Small is Beautiful,0.99303
2150,0.26957,-0.53805,-0.41937,2,Small is Beautiful,0.66762
2152,-0.22177,-0.34629,-1.51799,2,Small is Beautiful,0.68341
2153,0.49913,0.60941,-0.94922,2,Small is Beautiful,0.92272
2157,-2.46206,-0.19275,-1.64125,2,Small is Beautiful,2.56680
2158,-0.35278,-0.48115,-0.26955,2,Small is Beautiful,0.78487
2160,0.96123,-0.34338,-1.75059,2,Small is Beautiful,1.30298
2161,0.40192,-0.47185,-1.18440,2,Small is Beautiful,0.58795
2174,-0.01848,-0.16002,-0.39936,2,Small is Beautiful,0.49741
2176,0.03714,-0.96021,-0.52266,2,Small is Beautiful,0.88335
2177,2.10674,-0.62690,-2.15302,2,Small is Beautiful,2.50172
2178,-0.21885,-0.46864,-0.71977,2,Small is Beautiful,0.41382
2182,0.12033,-0.34157,-0.12462,2,Small is Beautiful,0.80279
2183,1.04703,-0.11672,-0.86951,2,Small is Beautiful,1.05415
2184,-0.59179,-0.28221,-0.93308,2,Small is Beautiful,0.59945
2188,0.04720,-0.02291,-1.08262,2,Small is Beautiful,0.23770
2190,-0.55016,0.05811,-0.55407,2,Small is Beautiful,0.67945
2193,0.12304,-0.07950,-1.41412,2,Small is Beautiful,0.53952
2195,-0.48632,-0.60306,-1.71097,2,Small is Beautiful,1.04375
2197,0.25410,0.06851,-0.34862,2,Small is Beautiful,0.64851
2200,0.57192,-0.10236,-0.61262,2,Small is Beautiful,0.64645
2203,0.22829,-0.08797,-0.29516,2,Small is Beautiful,0.64954
2205,-0.06808,0.44299,-0.13397,2,Small is Beautiful,0.97487
2207,-0.70703,-1.20459,-1.22811,2,Small is Beautiful,1.30019
2209,0.25622,0.42264,-1.36246,2,Small is Beautiful,0.79147
2216,0.05262,-0.81225,-0.85625,2,Small is Beautiful,0.65504
2221,-0.54509,0.20794,-1.31141,2,Small is Beautiful,0.77396
2223,-0.93695,0.00513,-0.59987,2,Small is Beautiful,0.99128
2229,0.32371,0.52896,-1.08465,2,Small is Beautiful,0.78747
2231,-0.34459,0.43932,-1.13025,2,Small is Beautiful,0.72788
2244,0.48770,0.12602,-1.64082,2,Small is Beautiful,0.93801
2248,0.19264,0.33856,-0.12651,2,Small is Beautiful,0.93919
2256,-0.04051,-1.19441,-0.53880,2,Small is Beautiful,1.09408
2260,1.52844,-0.36318,-0.88265,2,Small is Beautiful,1.54761
2263,-0.21106,-0.09792,-0.51906,2,Small is Beautiful,0.43432
2268,-0.40924,-0.63284,-0.75339,2,Small is Beautiful,0.63703
2277,-0.27481,0.71033,-1.23646,2,Small is Beautiful,0.97323
2281,-0.74535,1.24757,-1.46021,2,Small is Beautiful,1.68783
2286,-0.47840,0.59498,-0.99397,2,Small is Beautiful,0.89689
2291,0.71775,-0.30617,-0.21932,2,Small is Beautiful,1.00168
2295,-0.83309,-0.34631,-1.51011,2,Small is Beautiful,1.04644
2298,-0.26586,-0.34444,-0.61168,2,Small is Beautiful,0.42710
2300,0.37329,-0.33648,-1.04756,2,Small is Beautiful,0.44418
2303,0.52017,-1.40301,-1.08246,2,Small is Beautiful,1.36149
2306,0.20683,0.65221,-1.04657,2,Small is Beautiful,0.85390
2308,0.02912,0.04376,-0.85041,2,Small is Beautiful,0.21287
2310,-0.08535,-0.76903,-0.50027,2,Small is Beautiful,0.73009
2311,2.33919,-1.30026,-1.31398,2,Small is Beautiful,2.64029
2314,0.50158,-0.20546,-0.49185,2,Small is Beautiful,0.65060
2315,-0.24722,-0.33344,-1.15527,2,Small is Beautiful,0.39355
2323,0.57497,-0.32390,-1.44322,2,Small is Beautiful,0.81403
2325,-0.23776,0.64901,-0.62359,2,Small is Beautiful,0.88575
2326,-0.60516,0.12140,-1.01158,2,Small is Beautiful,0.67245
2327,-0.15627,0.61242,-0.67271,2,Small is Beautiful,0.81918
2328,-0.37880,0.36166,-0.76765,2,Small is Beautiful,0.65496
2332,-0.23454,0.15022,-1.36583,2,Small is Beautiful,0.60776
2335,-0.90422,-0.30681,-0.48863,2,Small is Beautiful,0.99737
2336,-0.03642,-1.20350,-0.99166,2,Small is Beautiful,1.04720
2343,0.55050,0.53507,-0.83156,2,Small is Beautiful,0.89351
2349,0.52061,-0.72384,-0.65899,2,Small is Beautiful,0.80643
2350,-0.95851,-0.31934,-1.00831,2,Small is Beautiful,0.97216
2356,0.07471,-0.45799,-0.58503,2,Small is Beautiful,0.43787
2360,-0.04901,0.35444,-0.74944,2,Small is Beautiful,0.53784
2375,0.88001,-0.89618,-0.68588,2,Small is Beautiful,1.17027
2379,-0.09573,0.41145,-0.34860,2,Small is Beautiful,0.79760
2380,-0.64373,1.25082,-1.06471,2,Small is Beautiful,1.55839
2382,-0.05177,0.12375,-2.20733,2,Small is Beautiful,1.34210
2383,-0.78923,-0.49719,-0.80957,2,Small is Beautiful,0.85688
2387,0.62351,0.00236,-0.87034,2,Small is Beautiful,0.65075
2388,1.57920,-0.33524,-1.16041,2,Small is Beautiful,1.61626
2389,-0.30666,-0.27360,-0.59336,2,Small is Beautiful,0.44172
2391,0.55057,0.48657,-0.88717,2,Small is Beautiful,0.85388
2395,-0.38058,0.22993,-0.22774,2,Small is Beautiful,0.86064
2397,-0.31599,-0.50648,-0.55845,2,Small is Beautiful,0.57433
2399,0.09723,0.34769,-0.63847,2,Small is Beautiful,0.57974
2400,0.28226,0.02473,-0.29426,2,Small is Beautiful,0.69307
2406,0.28949,-0.78251,-1.03733,2,Small is Beautiful,0.70229
2408,-0.80189,0.13580,-0.74365,2,Small is Beautiful,0.86326
2412,-0.85269,0.11870,-0.20614,2,Small is Beautiful,1.12790
2413,-0.69294,-0.24405,-0.37593,2,Small is Beautiful,0.86608
2416,-0.74476,-0.25416,-0.81197,2,Small is Beautiful,0.74955
2420,-0.42043,-0.05707,-1.45088,2,Small is Beautiful,0.69993
2422,0.98784,-0.21627,-0.92558,2,Small is Beautiful,0.99564
2428,-0.50208,-0.86298,-0.89614,2,Small is Beautiful,0.85961
2429,-0.38373,-0.96173,-0.54680,2,Small is Beautiful,0.95196
2434,-0.14158,0.40869,-0.73147,2,Small is Beautiful,0.60854
2438,-0.53662,0.04318,-0.56943,2,Small is Beautiful,0.65612
2440,-0.22328,-0.30992,-0.03384,2,Small is Beautiful,0.90211
2441,0.51992,0.01056,0.11121,2,Small is Beautiful,1.14960
2447,0.16486,-0.97968,-0.23986,2,Small is Beautiful,1.06329
2448,-0.34191,-0.75881,-1.11254,2,Small is Beautiful,0.71893
2450,0.69884,-0.42044,-0.14639,2,Small is Beautiful,1.06145
2451,-0.93894,-0.91776,-1.50733,2,Small is Beautiful,1.34767
2453,0.43528,0.20866,-0.42053,2,Small is Beautiful,0.74696
2455,0.24418,-0.19099,-1.14239,2,Small is Beautiful,0.35187
2456,0.38257,0.20797,-0.79509,2,Small is Beautiful,0.54531
2459,-1.01890,0.15579,-1.14368,2,Small is Beautiful,1.08983
2462,-0.66167,0.60307,-0.68151,2,Small is Beautiful,1.02969
2467,-0.03822,-0.27073,-1.81912,2,Small is Beautiful,0.92957
2468,-0.50151,0.69334,-1.09332,2,Small is Beautiful,1.00717
2472,0.00687,0.36892,-0.19224,2,Small is Beautiful,0.88158
2476,-0.32993,-1.38173,-0.93229,2,Small is Beautiful,1.26345
2477,-0.20544,-0.28851,-1.24764,2,Small is Beautiful,0.42345
2480,0.39479,0.00130,-1.40108,2,Small is Beautiful,0.66435
2481,-0.09501,0.08850,-0.98539,2,Small is Beautiful,0.27949
2483,-0.31688,-0.05076,-1.70404,2,Small is Beautiful,0.87227
2484,0.25143,-1.01740,-1.68083,2,Small is Beautiful,1.18933
2485,0.55393,0.22124,-0.65904,2,Small is Beautiful,0.71829
2486,0.26522,-0.29288,-1.19557,2,Small is Beautiful,0.42454
2488,-0.06117,-0.78328,-1.29741,2,Small is Beautiful,0.74219
2490,-0.17504,-0.16439,-0.00725,2,Small is Beautiful,0.90531
2493,-0.10840,0.72542,-1.75822,2,Small is Beautiful,1.24047
2494,0.99959,-0.21675,-0.48305,2,Small is Beautiful,1.08859
2496,0.58625,0.20187,-1.03400,2,Small is Beautiful,0.70794
2501,0.08706,-0.55729,-0.31602,2,Small is Beautiful,0.70901
2510,1.19220,-0.12784,-0.60728,2,Small is Beautiful,1.23293
2512,-0.33515,-0.96749,-1.02692,2,Small is Beautiful,0.88076
2515,-0.21730,-0.72543,-1.57898,2,Small is Beautiful,0.91041
2534,-0.24089,-1.45048,-1.48151,2,Small is Beautiful,1.43524
2538,-0.09267,-0.46430,-0.15561,2,Small is Beautiful,0.80533
2554,0.49621,-0.72736,-0.62359,2,Small is Beautiful,0.80454
2555,0.54935,0.29017,-0.67093,2,Small is Beautiful,0.75019
2560,0.03520,-0.93585,-1.22028,2,Small is Beautiful,0.84068
2570,-0.53204,-0.07021,-0.62727,2,Small is Beautiful,0.59806
2573,-1.19277,0.52598,-0.77811,2,Small is Beautiful,1.37654
2577,0.42272,-0.27172,-0.12036,2,Small is Beautiful,0.89357
2579,0.04161,0.51113,-0.24199,2,Small is Beautiful,0.93948
2580,0.39467,-0.58849,-0.43894,2,Small is Beautiful,0.74334
2597,-0.98291,-0.83393,-1.40099,2,Small is Beautiful,1.28910
2598,-0.83399,0.15914,-0.65112,2,Small is Beautiful,0.92121
2601,0.51213,0.48882,-0.75090,2,Small is Beautiful,0.84373
2620,0.05450,0.22455,-2.06504,2,Small is Beautiful,1.23190
2622,-0.52735,-0.06091,-0.57076,2,Small is Beautiful,0.62304
2626,-0.76663,0.76031,-1.34501,2,Small is Beautiful,1.27625
2628,0.45643,-0.06481,-0.42342,2,Small is Beautiful,0.66848
2633,0.24860,-1.35462,-1.44561,2,Small is Beautiful,1.33818
2639,-0.33715,-1.17247,-1.12601,2,Small is Beautiful,1.08872
2641,0.30002,-0.12442,-0.40016,2,Small is Beautiful,0.58426
2642,0.44512,0.34265,-0.67665,2,Small is Beautiful,0.71097
2643,-0.56433,0.21840,-1.43642,2,Small is Beautiful,0.86447
2653,0.51157,0.01943,-0.51612,2,Small is Beautiful,0.66713
2656,0.53816,0.54941,-1.37811,2,Small is Beautiful,1.01615
2659,0.75844,0.00075,-0.62881,2,Small is Beautiful,0.82585
2662,-1.28124,-0.93678,-1.07757,2,Small is Beautiful,1.50370
2663,0.01518,0.43460,-0.35431,2,Small is Beautiful,0.80582
2674,1.17066,-0.86790,-1.29074,2,Small is Beautiful,1.42797
2676,0.64113,-0.52305,-0.19352,2,Small is Beautiful,1.02173
2701,-0.21113,-0.81291,-1.16827,2,Small is Beautiful,0.73542
2734,0.33421,-0.60996,0.04432,2,Small is Beautiful,1.09658
2743,0.01704,-0.59312,-0.86401,2,Small is Beautiful,0.43388
2756,-0.51742,-0.29119,-0.69789,2,Small is Beautiful,0.56403
2760,-1.45929,-0.82577,-2.09447,2,Small is Beautiful,1.99730
2762,0.00935,0.09848,0.19090,2,Small is Beautiful,1.11816
2767,-0.49397,-0.23132,-0.43454,2,Small is Beautiful,0.67580
2769,-0.11788,0.47676,-0.53677,2,Small is Beautiful,0.74085
2771,-0.00306,-0.20017,-0.68013,2,Small is Beautiful,0.22000
2776,-0.57046,-1.93586,-2.21053,2,Small is Beautiful,2.27927
2777,-0.91176,-0.80900,-0.88244,2,Small is Beautiful,1.11386
2780,-0.00746,-0.02944,-0.81248,2,Small is Beautiful,0.15623
2781,-0.25528,-0.98027,-1.18002,2,Small is Beautiful,0.90201
2782,-0.22782,-0.43413,-0.96049,2,Small is Beautiful,0.35765
2786,-0.43845,-0.97206,-0.82751,2,Small is Beautiful,0.92175
2787,-0.62381,-0.10611,-0.78581,2,Small is Beautiful,0.63022
2788,0.57026,-0.06690,-0.98914,2,Small is Beautiful,0.59103
2791,0.63397,-0.48184,-0.65060,2,Small is Beautiful,0.75681
2800,-0.94859,-0.94540,-1.00334,2,Small is Beautiful,1.23099
2801,-0.07357,-0.29052,-1.46117,2,Small is Beautiful,0.58316
2807,0.58717,-0.45758,-0.12114,2,Small is Beautiful,1.02026
2809,1.48872,0.30536,-2.90204,2,Small is Beautiful,2.54422
2813,-0.06297,-1.07729,-1.80696,2,Small is Beautiful,1.29286
2814,0.43250,0.32901,-0.35431,2,Small is Beautiful,0.85230
2815,1.24250,0.07885,-1.56346,2,Small is Beautiful,1.43549
2818,-0.55589,-1.14075,-1.47560,2,Small is Beautiful,1.26395
2821,0.37677,-0.67329,-1.92484,2,Small is Beautiful,1.21080
2823,0.13036,-1.06636,-1.45037,2,Small is Beautiful,1.06993
2827,-1.09565,-0.33578,-0.80761,2,Small is Beautiful,1.10730
2832,0.30573,0.35702,-1.11235,2,Small is Beautiful,0.64191
2837,0.13696,0.00504,-1.03053,2,Small is Beautiful,0.25675
2838,-0.73360,-0.09861,-0.97645,2,Small is Beautiful,0.73478
2839,0.19161,0.68717,-0.78634,2,Small is Beautiful,0.87787
2840,-0.15797,0.52199,-0.64152,2,Small is Beautiful,0.74484
2847,-1.05628,-0.10873,-0.85563,2,Small is Beautiful,1.05253
2849,-0.56865,0.37601,-0.35353,2,Small is Beautiful,0.94876
2851,0.10261,-0.70170,-1.24014,2,Small is Beautiful,0.64966
2852,0.59846,-1.01046,-0.58267,2,Small is Beautiful,1.08867
2855,-0.25827,0.56904,-1.76179,2,Small is Beautiful,1.15988
2863,-0.78020,-0.02152,-0.53031,2,Small is Beautiful,0.86791
2866,1.30906,-0.18632,-0.58281,2,Small is Beautiful,1.35206
2870,-0.15194,-0.01284,-1.81332,2,Small is Beautiful,0.94005
2871,-0.47324,0.39469,-0.68220,2,Small is Beautiful,0.75716
2879,0.48752,-0.40297,-2.02614,2,Small is Beautiful,1.25610
2880,-0.39628,-0.20726,-0.49901,2,Small is Beautiful,0.55916
2886,-1.70327,0.11802,-0.99946,2,Small is Beautiful,1.72328
2892,-0.44941,0.40967,-0.95818,2,Small is Beautiful,0.72546
2898,0.26891,-0.98465,-1.41987,2,Small is Beautiful,1.01370
2907,-0.39542,-0.36143,-0.52511,2,Small is Beautiful,0.57439
2910,0.49345,-1.74514,-0.96512,2,Small is Beautiful,1.66231
2913,0.07257,0.46383,-0.33166,2,Small is Beautiful,0.84606
2916,0.31587,-0.43424,-1.08801,2,Small is Beautiful,0.46342
2921,-1.15424,-0.49926,-0.77274,2,Small is Beautiful,1.20355
2944,-0.03864,0.45541,-0.57521,2,Small is Beautiful,0.69600
2960,-0.93902,0.37659,-2.59553,2,Small is Beautiful,2.01153
2968,-0.19253,0.95311,-0.99975,2,Small is Beautiful,1.13441
2969,-0.01420,-0.89232,-1.77580,2,Small is Beautiful,1.14358
2976,0.28885,-1.53901,-0.30623,2,Small is Beautiful,1.52778
2981,-0.65765,-0.50432,-1.42910,2,Small is Beautiful,0.90896
2983,-0.12558,-0.15075,-0.30879,2,Small is Beautiful,0.59997
2984,-0.78187,0.12512,-0.64885,2,Small is Beautiful,0.86343
2986,-1.15602,0.62415,-1.22357,2,Small is Beautiful,1.43052
2987,-0.46739,-0.04835,-0.20723,2,Small is Beautiful,0.83724
2992,-0.50195,0.58149,-0.66147,2,Small is Beautiful,0.92348
2994,-0.56205,0.00904,-1.04138,2,Small is Beautiful,0.59938
2997,-0.34904,0.32944,-1.11449,2,Small is Beautiful,0.63707
3000,-0.04674,0.19652,-0.00123,2,Small is Beautiful,0.96501
3003,-0.88936,0.83511,-0.88778,2,Small is Beautiful,1.33156
3007,-0.16815,-0.94965,-2.06511,2,Small is Beautiful,1.41901
3008,0.51654,-0.48325,-0.95022,2,Small is Beautiful,0.61609
3012,0.45013,0.29733,-0.88778,2,Small is Beautiful,0.64662
3018,-0.20104,-0.23128,-0.95380,2,Small is Beautiful,0.21518
3020,0.09460,0.17552,-0.30080,2,Small is Beautiful,0.69164
3028,-0.17433,-1.29738,-2.48946,2,Small is Beautiful,1.96387
3032,0.55043,-0.54238,-0.92184,2,Small is Beautiful,0.67489
3033,-0.13810,-0.77455,-1.54664,2,Small is Beautiful,0.90355
3035,0.28707,0.34410,-1.53945,2,Small is Beautiful,0.86847
3036,-0.82231,-1.02873,-0.99669,2,Small is Beautiful,1.19560
3037,-0.09000,-0.58671,-0.81900,2,Small is Beautiful,0.44076
3039,0.05921,0.46776,-1.13610,2,Small is Beautiful,0.67603
3041,-0.53672,-0.68006,-1.59374,2,Small is Beautiful,1.01841
3045,0.93690,-0.46782,-1.26548,2,Small is Beautiful,1.05779
3048,0.41604,-1.36834,-0.77889,2,Small is Beautiful,1.28427
3055,-0.41584,0.14721,-1.36883,2,Small is Beautiful,0.69723
3056,0.11314,-0.70825,-1.07315,2,Small is Beautiful,0.58714
3066,1.17814,-1.33612,-1.89225,2,Small is Beautiful,1.94264
3067,-0.51031,0.34491,-0.46567,2,Small is Beautiful,0.83439
3074,0.00439,-0.29502,-0.77280,2,Small is Beautiful,0.18269
3077,-0.07127,0.67783,-0.50856,2,Small is Beautiful,0.92661
3078,-0.29621,0.39683,-0.17496,2,Small is Beautiful,0.95726
3081,-0.77273,0.73936,-1.55039,2,Small is Beautiful,1.35142
3086,1.02249,-0.01006,-1.59092,2,Small is Beautiful,1.24994
3087,-0.71100,-1.30986,-1.01715,2,Small is Beautiful,1.35333
3089,0.35122,-0.92860,-1.31897,2,Small is Beautiful,0.94604
3090,-0.46175,0.08598,-0.69815,2,Small is Beautiful,0.55521
3093,0.62499,-0.18015,-1.86485,2,Small is Beautiful,1.15577
3095,-0.76806,0.42599,-1.38001,2,Small is Beautiful,1.07670
3097,0.27817,0.58230,-1.55233,2,Small is Beautiful,1.03113
3100,-1.02888,-0.27619,-0.99724,2,Small is Beautiful,1.03440
3102,-0.03690,0.33417,-0.42108,2,Small is Beautiful,0.68728
3103,-0.21644,-0.67073,-0.50607,2,Small is Beautiful,0.67573
3105,-0.73265,-0.50975,-0.99291,2,Small is Beautiful,0.81184
3107,0.38170,0.10503,-1.31577,2,Small is Beautiful,0.62984
3108,-0.36218,-0.29756,-0.38081,2,Small is Beautiful,0.64159
3109,0.56674,0.28962,-0.65330,2,Small is Beautiful,0.76823
3116,-0.29309,-0.07702,-0.07799,2,Small is Beautiful,0.87162
3117,0.57273,-0.08066,-0.21850,2,Small is Beautiful,0.89501
3118,0.70108,-0.08592,-0.78014,2,Small is Beautiful,0.72039
3121,-0.18680,1.70467,-1.57732,2,Small is Beautiful,1.99427
3127,0.31322,-1.02824,-0.33904,2,Small is Beautiful,1.07920
3135,-0.63751,0.03645,-0.49850,2,Small is Beautiful,0.77233
3138,-1.26573,0.26478,-0.81429,2,Small is Beautiful,1.33245
3139,0.50186,0.51585,-0.82097,2,Small is Beautiful,0.84953
3140,0.69663,-0.70029,-1.47109,2,Small is Beautiful,1.05558
3141,0.13715,-0.45492,-1.23727,2,Small is Beautiful,0.47207
3143,0.24855,-0.25909,-0.68215,2,Small is Beautiful,0.34686
3149,0.79631,-0.58944,-1.11327,2,Small is Beautiful,0.93483
3150,-0.51540,0.14842,-0.33705,2,Small is Beautiful,0.81764
3153,-0.82382,-0.70499,-1.53034,2,Small is Beautiful,1.16899
3154,-0.04610,-0.56490,-0.12218,2,Small is Beautiful,0.87432
3156,-0.51317,0.57471,-0.91037,2,Small is Beautiful,0.89383
3165,-0.39315,-0.46784,-1.01440,2,Small is Beautiful,0.50793
3167,0.64300,-0.14991,-0.01235,2,Small is Beautiful,1.09683
3168,-0.19882,-0.09644,-0.13638,2,Small is Beautiful,0.78700
3170,-0.41639,0.27641,-0.35800,2,Small is Beautiful,0.80624
3180,-1.38701,-0.42688,-1.36369,2,Small is Beautiful,1.48204
3184,0.05140,-0.40404,-1.25778,2,Small is Beautiful,0.43904
3186,0.82350,-0.44008,-0.51260,2,Small is Beautiful,0.95557
3192,-0.02762,-0.51307,-0.08335,2,Small is Beautiful,0.88643
3193,-0.66279,0.49280,-0.40939,2,Small is Beautiful,1.04714
3194,-0.52352,0.50174,-0.42218,2,Small is Beautiful,0.96560
3203,0.76951,-0.27582,-0.55366,2,Small is Beautiful,0.85554
3211,0.03279,0.41156,-0.34273,2,Small is Beautiful,0.79761
3232,-0.34138,0.64958,-0.39866,2,Small is Beautiful,1.00880
3234,0.30548,0.32391,-0.39133,2,Small is Beautiful,0.76644
3250,0.20227,0.08522,0.06929,2,Small is Beautiful,1.01829
3253,0.37612,-0.33428,-0.90482,2,Small is Beautiful,0.41949
3263,0.41785,-0.38751,0.00050,2,Small is Beautiful,1.01764
3281,-0.32340,-0.31028,-1.04073,2,Small is Beautiful,0.37931
3285,0.44362,-0.09411,-0.48978,2,Small is Beautiful,0.60993
3297,1.32235,0.30733,-2.24417,2,Small is Beautiful,1.94921
3298,0.50772,-0.64344,-0.49738,2,Small is Beautiful,0.80982
3312,0.01847,-0.16231,-0.94192,2,Small is Beautiful,0.05144
3320,0.11799,-0.29876,-0.01716,2,Small is Beautiful,0.89873
3321,-0.02386,-0.35387,-1.04039,2,Small is Beautiful,0.24118
3325,0.66123,-0.76338,-0.71819,2,Small is Beautiful,0.91630
3332,-1.00362,-0.18600,-0.47796,2,Small is Beautiful,1.08233
3338,0.66424,-0.51385,-0.38742,2,Small is Beautiful,0.91254
3344,0.62168,-0.56513,-0.23117,2,Small is Beautiful,0.99993
3369,0.19089,-0.22299,-0.45989,2,Small is Beautiful,0.48296
3372,0.98213,-0.01871,-0.93672,2,Small is Beautiful,0.99899
3373,0.86119,0.14324,-1.04626,2,Small is Beautiful,0.93099
3376,0.05428,0.63565,-0.95920,2,Small is Beautiful,0.80143
3380,-0.62579,-1.01324,-1.04001,2,Small is Beautiful,1.06353
3383,-0.70306,0.32374,-0.45126,2,Small is Beautiful,0.95890
3390,-1.12323,0.33742,-0.55933,2,Small is Beautiful,1.26918
3397,-0.36453,-0.52635,-1.04738,2,Small is Beautiful,0.53369
3409,0.10193,-0.74553,-1.92842,2,Small is Beautiful,1.19073
3412,-1.26001,0.37885,-1.58903,2,Small is Beautiful,1.53098
3414,0.23688,0.31746,-0.70020,2,Small is Beautiful,0.57139
3425,-0.57659,-0.20396,-0.97063,2,Small is Beautiful,0.57713
3435,0.24689,-0.61619,-0.27431,2,Small is Beautiful,0.81133
3437,0.59462,-0.23268,-0.83657,2,Small is Beautiful,0.60769
3438,0.30839,-0.92106,-1.01939,2,Small is Beautiful,0.83150
3445,-0.39136,-0.06334,-0.83052,2,Small is Beautiful,0.40316
3447,1.00911,-1.46282,-1.12564,2,Small is Beautiful,1.66648
3458,0.16473,-0.19668,-0.51485,2,Small is Beautiful,0.41964
3463,-0.21379,-0.38904,-1.09029,2,Small is Beautiful,0.36431
3464,0.04836,-0.38906,-0.65909,2,Small is Beautiful,0.33367
3465,0.00269,0.15667,-0.74477,2,Small is Beautiful,0.35226
3469,-0.48638,1.51689,-1.14724,2,Small is Beautiful,1.76332
3471,-0.25039,0.19196,-0.99299,2,Small is Beautiful,0.44014
3476,-0.27491,0.51069,-1.37424,2,Small is Beautiful,0.86706
3479,0.03617,0.79193,-1.06358,2,Small is Beautiful,0.96843
3482,-0.76998,0.72329,-1.19016,2,Small is Beautiful,1.20506
3484,0.44077,0.09839,-0.70531,2,Small is Beautiful,0.55079
3485,-0.41733,-0.27952,-0.82593,2,Small is Beautiful,0.43399
3489,-0.48254,0.20446,-0.06011,2,Small is Beautiful,1.02984
3494,-0.40403,0.70800,-1.23450,2,Small is Beautiful,1.01390
3495,0.50378,-0.67155,-0.21336,2,Small is Beautiful,0.99355
3498,1.08413,-0.55451,-1.03033,2,Small is Beautiful,1.16650
3501,-0.57172,-0.97840,-0.76030,2,Small is Beautiful,1.00341
3502,-0.04292,-1.19677,-1.29032,2,Small is Beautiful,1.10863
3504,-0.46921,0.10152,-0.55387,2,Small is Beautiful,0.63335
3505,0.29428,-0.29312,-0.44032,2,Small is Beautiful,0.56188
3506,-0.14197,-0.39409,-0.99166,2,Small is Beautiful,0.28612
3512,0.38163,0.44576,-0.46614,2,Small is Beautiful,0.83886
3513,-0.76608,0.31372,-1.82424,2,Small is Beautiful,1.28992
3515,-0.17129,0.08922,-0.57364,2,Small is Beautiful,0.44082
3517,0.50503,-1.01386,-0.23197,2,Small is Beautiful,1.19583
3518,0.67027,-1.01947,-0.92684,2,Small is Beautiful,1.09311
3520,0.72085,-0.81495,-1.58400,2,Small is Beautiful,1.19505
3522,-0.47101,0.07989,-0.96480,2,Small is Beautiful,0.52829
3524,0.32743,-0.05682,-0.30196,2,Small is Beautiful,0.68960
3525,0.69327,-0.59374,-0.89514,2,Small is Beautiful,0.82217
3527,0.19078,-0.21171,-0.26445,2,Small is Beautiful,0.66396
3532,0.03854,-0.96262,-1.66133,2,Small is Beautiful,1.10872
3538,-0.50975,0.53621,-0.35304,2,Small is Beautiful,1.01763
3539,0.13235,0.24292,-0.36323,2,Small is Beautiful,0.68323
3540,-0.28264,-0.17726,-0.43345,2,Small is Beautiful,0.53981
3544,0.20065,-0.19149,-0.98587,2,Small is Beautiful,0.22700
3547,0.28728,-0.25210,-1.03937,2,Small is Beautiful,0.33851
3548,-0.25636,0.27177,-0.15776,2,Small is Beautiful,0.89219
3550,0.14942,0.00802,-0.44293,2,Small is Beautiful,0.50845
3552,-0.26121,0.29351,-0.30879,2,Small is Beautiful,0.78574
3559,1.66523,0.22469,-1.84791,2,Small is Beautiful,1.96120
3561,1.76618,-1.30583,-1.00543,2,Small is Beautiful,2.11244
3563,0.34795,-0.53417,-1.21166,2,Small is Beautiful,0.60302
3569,0.30346,-0.59936,-0.54659,2,Small is Beautiful,0.64053
3574,0.36228,-0.16797,-1.23072,2,Small is Beautiful,0.49719
3577,-0.91910,1.07879,-1.39881,2,Small is Beautiful,1.61972
3582,0.40412,0.15874,0.10745,2,Small is Beautiful,1.13069
3585,0.47146,-0.37872,-1.01052,2,Small is Beautiful,0.53681
3587,0.09071,-0.22653,-1.17567,2,Small is Beautiful,0.30247
3588,0.09051,0.48085,-0.84482,2,Small is Beautiful,0.65117
3596,-0.48782,-0.17857,-0.31110,2,Small is Beautiful,0.75857
3599,0.24209,-0.86714,-1.28700,2,Small is Beautiful,0.84404
3600,-1.51306,-0.70850,-1.72729,2,Small is Beautiful,1.80594
3603,-0.27939,-0.03134,-1.17104,2,Small is Beautiful,0.40862
3607,-1.09548,0.55210,-0.67956,2,Small is Beautiful,1.32024
3608,0.75841,0.19841,-0.64676,2,Small is Beautiful,0.88076
3609,0.42398,-0.33367,-0.80513,2,Small is Beautiful,0.47213
3612,-0.14736,-0.67033,-1.26119,2,Small is Beautiful,0.64210
3615,-0.72630,-0.02988,-0.43740,2,Small is Beautiful,0.86437
3616,-0.94919,0.08542,-1.28907,2,Small is Beautiful,1.05104
3618,0.02522,-0.09106,-0.76924,2,Small is Beautiful,0.14862
3622,0.00253,0.37647,-1.47631,2,Small is Beautiful,0.79062
3623,-0.21409,-0.72672,-1.35206,2,Small is Beautiful,0.75549
3625,0.03927,0.46615,-0.36335,2,Small is Beautiful,0.82450
3629,0.01146,-0.29141,-1.32123,2,Small is Beautiful,0.44452
3630,0.11647,-1.16088,-1.53089,2,Small is Beautiful,1.19034
3631,-0.32642,-0.58686,-0.30084,2,Small is Beautiful,0.79938
3632,0.44466,-0.32786,-0.93115,2,Small is Beautiful,0.48163
3634,1.03671,-0.21809,-1.50381,2,Small is Beautiful,1.20783
3638,-0.67456,-0.42958,-0.80222,2,Small is Beautiful,0.72677
3639,1.29089,-0.62998,-0.51630,2,Small is Beautiful,1.43040
3643,-0.79716,-0.44710,-1.16189,2,Small is Beautiful,0.88225
3644,-0.23342,0.39365,-0.30773,2,Small is Beautiful,0.84041
3645,-1.85658,-1.33274,-2.26690,2,Small is Beautiful,2.58375
3646,0.24390,0.85775,-1.43468,2,Small is Beautiful,1.17894
3647,1.04969,-0.32600,-0.78697,2,Small is Beautiful,1.07395
3650,-2.02781,-0.64233,-1.47239,2,Small is Beautiful,2.15673
3651,-0.52545,0.69642,-1.10232,2,Small is Beautiful,1.02352
3652,0.35984,-1.12695,-0.99326,2,Small is Beautiful,1.03730
3654,0.04311,-0.62190,-0.66124,2,Small is Beautiful,0.51977
3655,-0.74682,-0.32953,-0.60491,2,Small is Beautiful,0.81395
3658,-0.50585,-0.49514,-0.27566,2,Small is Beautiful,0.86440
3659,0.49298,0.44593,-0.65477,2,Small is Beautiful,0.82205
3662,0.08167,-0.36600,-0.85888,2,Small is Beautiful,0.22601
3663,-0.43176,-0.26246,-0.59765,2,Small is Beautiful,0.53015
3665,0.11173,0.20544,-0.91350,2,Small is Beautiful,0.38528
3677,-0.31324,-1.22538,-1.23440,2,Small is Beautiful,1.15817
3678,0.00166,-0.49083,-0.08534,2,Small is Beautiful,0.87576
3681,0.26657,-0.86244,-2.80627,2,Small is Beautiful,2.05255
3685,0.10412,0.29459,-1.08208,2,Small is Beautiful,0.50410
3691,0.14127,-1.04180,-1.59773,2,Small is Beautiful,1.13530
3692,0.31750,-0.10036,-1.08815,2,Small is Beautiful,0.38070
3697,0.89185,-0.25432,-1.00702,2,Small is Beautiful,0.90925
3698,-0.34335,-1.80461,-1.22225,2,Small is Beautiful,1.70915
3700,-0.14740,-0.52305,-0.83065,2,Small is Beautiful,0.39423
3702,1.89125,-0.85491,-2.09000,2,Small is Beautiful,2.34618
3704,0.30849,-0.38144,-1.10485,2,Small is Beautiful,0.43673
3705,-0.01092,-1.54723,-0.83451,2,Small is Beautiful,1.38756
3711,0.22696,0.06422,-0.86100,2,Small is Beautiful,0.32592
3715,-0.00363,-0.43195,-1.31145,2,Small is Beautiful,0.49546
3723,1.23795,0.12376,-1.87362,2,Small is Beautiful,1.60708
3743,0.18876,-0.21771,-1.17332,2,Small is Beautiful,0.34300
3747,0.18759,-0.73687,-1.42090,2,Small is Beautiful,0.80240
3750,1.03125,0.10050,-0.61099,2,Small is Beautiful,1.10705
3754,-0.20205,0.34241,-1.03778,2,Small is Beautiful,0.55850
3755,0.19921,-0.05841,-0.47424,2,Small is Beautiful,0.48060
3758,0.24008,0.35032,-0.55361,2,Small is Beautiful,0.66306
3760,-0.52307,-0.18884,-2.92142,2,Small is Beautiful,2.09001
3762,-0.24847,-1.10994,-2.38410,2,Small is Beautiful,1.78097
3764,0.48570,0.56410,-1.41185,2,Small is Beautiful,1.01635
3765,1.08511,-0.25775,-0.72742,2,Small is Beautiful,1.10822
3767,0.41753,-0.99046,-0.94693,2,Small is Beautiful,0.93256
3768,0.55472,-1.02625,-1.52129,2,Small is Beautiful,1.20540
3770,-0.52261,0.39992,-0.59448,2,Small is Beautiful,0.82039
3772,0.25662,0.10364,-1.18615,2,Small is Beautiful,0.47201
3774,-0.09699,-0.19889,-0.61634,2,Small is Beautiful,0.29713
3775,0.04988,-0.66107,-0.78803,2,Small is Beautiful,0.51468
3776,0.92838,0.03599,-1.93535,2,Small is Beautiful,1.41088
3777,-0.21685,1.33196,-1.79371,2,Small is Beautiful,1.75455
3781,-0.80201,1.06855,-1.65328,2,Small is Beautiful,1.64876
3785,-0.38221,0.97702,-0.68699,2,Small is Beautiful,1.21690
3793,1.42162,-0.30140,-0.65518,2,Small is Beautiful,1.45452
3794,0.30356,-0.29997,0.03272,2,Small is Beautiful,0.98928
3800,0.32802,0.32948,-0.56887,2,Small is Beautiful,0.67787
3804,-2.67199,0.10845,-1.45847,2,Small is Beautiful,2.73800
3811,1.35376,-0.57263,-0.97335,2,Small is Beautiful,1.42260
3815,0.52895,-1.03378,-0.53859,2,Small is Beautiful,1.08434
3821,-0.02144,0.49437,-0.48786,2,Small is Beautiful,0.77260
3827,-0.23889,-0.02842,0.18679,2,Small is Beautiful,1.11609
3828,0.52337,0.69161,-1.08251,2,Small is Beautiful,1.02063
3829,-0.24407,1.25143,-1.63836,2,Small is Beautiful,1.61311
3838,-0.11807,0.58106,-0.59656,2,Small is Beautiful,0.80832
3852,0.34963,0.27592,-0.11075,2,Small is Beautiful,0.96690
3861,0.44065,-0.48785,-0.34505,2,Small is Beautiful,0.78125
3862,0.27634,-0.71117,-1.00227,2,Small is Beautiful,0.62722
3863,-0.08632,1.08739,-0.89722,2,Small is Beautiful,1.25105
3868,0.93916,-0.72768,-0.61814,2,Small is Beautiful,1.13649
3871,-0.05076,-0.41775,-1.31777,2,Small is Beautiful,0.49526
3882,0.50475,-0.25927,-0.87079,2,Small is Beautiful,0.52059
3891,-0.66349,-1.48962,-1.13086,2,Small is Beautiful,1.50080
3896,-0.80565,0.32961,-0.72671,2,Small is Beautiful,0.95359
3897,0.17133,-1.33863,-0.58923,2,Small is Beautiful,1.22985
3898,-0.18024,0.26056,-0.90129,2,Small is Beautiful,0.45630
3902,-0.21922,0.15783,0.04038,2,Small is Beautiful,1.01250
3914,-0.96422,0.86892,-1.68497,2,Small is Beautiful,1.61273
3916,0.28945,0.39252,-0.37036,2,Small is Beautiful,0.81890
3922,-0.51716,1.23540,-1.11147,2,Small is Beautiful,1.50258
3932,0.63873,0.31122,-0.95428,2,Small is Beautiful,0.80116
3936,0.43824,-0.06365,-0.59380,2,Small is Beautiful,0.54625
3939,-0.06166,-0.10058,-0.33296,2,Small is Beautiful,0.56963
3941,0.94237,0.00035,-1.60939,2,Small is Beautiful,1.19717
3943,0.37141,0.24355,-0.68229,2,Small is Beautiful,0.59327
3945,0.59489,0.50279,-1.24144,2,Small is Beautiful,0.95943
3950,0.13057,-2.02624,-1.26786,2,Small is Beautiful,1.90664
3953,0.00778,-0.00462,-1.01785,2,Small is Beautiful,0.19840
3955,0.62072,0.02642,-2.31354,2,Small is Beautiful,1.56058
3956,-0.51555,-1.09475,-1.19606,2,Small is Beautiful,1.10509
3958,0.10616,-0.18219,-0.40827,2,Small is Beautiful,0.50146
3960,0.69853,-0.12537,-0.84035,2,Small is Beautiful,0.70752
3966,-0.50117,-0.06219,-0.26450,2,Small is Beautiful,0.80913
3968,0.86438,-0.81416,-1.60282,2,Small is Beautiful,1.29713
3969,-0.70209,-0.66507,-0.62780,2,Small is Beautiful,0.90058
3972,-0.41995,0.00626,-0.42908,2,Small is Beautiful,0.64658
3974,0.54950,-0.28858,-0.69421,2,Small is Beautiful,0.60468
3975,-0.95985,-0.06929,-0.61466,2,Small is Beautiful,0.99902
3978,0.48169,0.14109,-0.03918,2,Small is Beautiful,1.03158
3986,-0.06228,-0.67150,-0.21093,2,Small is Beautiful,0.85667
4001,-0.42877,-0.34272,-1.07124,2,Small is Beautiful,0.49230
4002,0.22684,-0.85095,-0.77611,2,Small is Beautiful,0.73796
4004,0.74988,0.25640,-1.40595,2,Small is Beautiful,1.00241
4017,-0.12140,0.02522,-0.48564,2,Small is Beautiful,0.46578
4019,0.29710,-0.36855,-1.09148,2,Small is Beautiful,0.41569
4023,0.04574,-0.11531,0.19716,2,Small is Beautiful,1.09594
4024,0.07546,-0.53275,-0.56774,2,Small is Beautiful,0.50290
4026,0.02786,0.13551,-1.12066,2,Small is Beautiful,0.37323
4054,1.04745,-0.01357,-0.66725,2,Small is Beautiful,1.08802
4060,-0.85759,0.02412,-0.61719,2,Small is Beautiful,0.91534
4066,0.24384,-0.62083,-0.12909,2,Small is Beautiful,0.92887
4075,0.15337,-0.11543,-0.63681,2,Small is Beautiful,0.30810
4080,0.13798,-0.03837,-1.67328,2,Small is Beautiful,0.79936
4084,-0.18357,-0.62965,-0.56854,2,Small is Beautiful,0.59898
4095,0.33964,-0.95561,-0.87291,2,Small is Beautiful,0.86673
4097,0.41356,0.69085,-0.94894,2,Small is Beautiful,0.95100
4099,0.39546,0.67419,-0.83446,2,Small is Beautiful,0.92874
4110,-0.29564,-0.19995,-0.77502,2,Small is Beautiful,0.31666
4117,0.86315,-0.57237,-0.69901,2,Small is Beautiful,0.98151
4118,-0.13787,-0.39804,0.03743,2,Small is Beautiful,0.97263
4123,-0.13297,-0.24613,-0.27890,2,Small is Beautiful,0.63636
4128,0.30669,-0.11851,-0.36573,2,Small is Beautiful,0.61751
4129,0.12994,0.54274,-1.46146,2,Small is Beautiful,0.91261
4133,0.04386,-0.89063,-1.34738,2,Small is Beautiful,0.85903
4138,-0.25256,-0.43186,-0.78367,2,Small is Beautiful,0.38334
4139,-1.41160,0.15458,-1.34111,2,Small is Beautiful,1.50777
4142,0.88065,-0.78949,-1.30568,2,Small is Beautiful,1.16109
4144,0.63401,1.04889,-1.50804,2,Small is Beautiful,1.49909
4146,-0.93415,-0.66819,-2.21113,2,Small is Beautiful,1.68727
4156,0.37846,-0.49614,-0.35619,2,Small is Beautiful,0.74298
4158,0.26055,-0.77721,-0.63512,2,Small is Beautiful,0.72040
4166,1.08578,-0.96765,-0.70747,2,Small is Beautiful,1.37040
4174,0.37417,0.10484,-1.21036,2,Small is Beautiful,0.55996
4181,0.10259,-0.14003,-0.17736,2,Small is Beautiful,0.72768
4185,-0.35646,-0.42226,-1.49164,2,Small is Beautiful,0.73839
4189,0.76554,0.73232,-1.39907,2,Small is Beautiful,1.28283
4194,-0.58281,0.19770,-0.79191,2,Small is Beautiful,0.68744
4195,-0.98535,-0.35145,-1.30160,2,Small is Beautiful,1.07689
4203,0.01567,0.01950,-0.43964,2,Small is Beautiful,0.49182
4204,-0.37926,-0.23975,-0.69517,2,Small is Beautiful,0.43152
4206,-1.02613,0.15123,-1.08035,2,Small is Beautiful,1.08272
4211,1.03236,-0.22384,-1.41894,2,Small is Beautiful,1.16389
4212,-0.37693,-0.04858,-1.41263,2,Small is Beautiful,0.64548
4213,0.06930,1.02392,-1.03934,2,Small is Beautiful,1.19592
